stk_id,date,open,high,low,close,cumadj
000006.SZ,2022/12/30,6.29,6.46,6.21,6.3,42.9506
000011.SZ,2022/12/30,11.54,11.63,11.4,11.59,4.31476
000016.SZ,2022/12/30,4.52,4.55,4.47,4.51,19.1097
000019.SZ,2022/12/30,7.4,7.52,7.31,7.51,4.28059
000025.SZ,2022/12/30,17.36,17.4,17.1,17.15,1.95869
000028.SZ,2022/12/30,33.52,33.54,32.6,32.89,3.20151
000029.SZ,2022/12/30,13.65,13.97,13.26,13.89,1.5398
000030.SZ,2022/12/30,4.41,4.44,4.37,4.4,2.49498
000032.SZ,2022/12/30,20,20.66,19.63,20.15,3.17411
000034.SZ,2022/12/30,21.86,22.55,21.55,21.94,1.95649
000035.SZ,2022/12/30,5.08,5.12,5.04,5.07,2.60738
000036.SZ,2022/12/30,4.04,4.11,4.03,4.05,11.1003
000048.SZ,2022/12/30,17.09,17.95,17.05,17.85,6.74394
000049.SZ,2022/12/30,44.45,44.58,43.42,43.48,5.51819
000058.SZ,2022/12/30,8.03,8.1,7.63,7.9,2.24448
000059.SZ,2022/12/30,6.78,6.86,6.77,6.8,1.28904
000061.SZ,2022/12/30,5.62,5.7,5.55,5.7,21.9465
000062.SZ,2022/12/30,12.07,12.26,11.99,12.21,5.81529
000065.SZ,2022/12/30,8.15,8.32,8.09,8.25,18.1362
000088.SZ,2022/12/30,4.94,5.09,4.93,5.07,6.05132
000090.SZ,2022/12/30,5.47,5.53,5.44,5.46,6.41665
000403.SZ,2022/12/30,22.6,23.5,22.38,22.76,4.74957
000422.SZ,2022/12/30,14.55,14.73,14.42,14.71,10.6042
000426.SZ,2022/12/30,6.18,6.21,6.07,6.09,12.5421
000488.SZ,2022/12/30,4.95,4.98,4.91,4.98,7.75185
000498.SZ,2022/12/30,6.82,6.9,6.78,6.87,2.1576
000503.SZ,2022/12/30,10.17,10.35,10,10.16,8.19251
000517.SZ,2022/12/30,2.96,3,2.92,2.95,13.1322
000528.SZ,2022/12/30,5.88,5.91,5.84,5.88,8.46071
000539.SZ,2022/12/30,5.43,5.58,5.37,5.55,14.3531
000543.SZ,2022/12/30,4.38,4.49,4.37,4.48,3.49723
000550.SZ,2022/12/30,13.35,13.54,13.26,13.43,2.51453
000552.SZ,2022/12/30,3.13,3.15,3.12,3.14,7.36013
000555.SZ,2022/12/30,10.6,10.89,10.58,10.77,2.25925
000557.SZ,2022/12/30,4.86,4.91,4.8,4.9,5.39947
000560.SZ,2022/12/30,2.5,2.52,2.47,2.5,4.07856
000566.SZ,2022/12/30,4.25,4.29,4.19,4.27,8.8018
000567.SZ,2022/12/30,13.56,13.96,13.5,13.92,5.6469
000582.SZ,2022/12/30,7.26,7.39,7.26,7.39,3.86813
000597.SZ,2022/12/30,6.59,6.63,6.3,6.31,3.5365
000600.SZ,2022/12/30,5.16,5.3,5.16,5.25,5.4485
000603.SZ,2022/12/30,12.52,12.77,12.38,12.56,2.13448
000612.SZ,2022/12/30,5.23,5.26,5.18,5.22,7.62466
000627.SZ,2022/12/30,3.1,3.17,3.09,3.16,21.1777
000650.SZ,2022/12/30,6.3,6.31,6.19,6.19,17.124
000652.SZ,2022/12/30,4.03,4.05,4,4.03,21.2064
000657.SZ,2022/12/30,16.07,16.35,15.78,15.84,2.53086
000672.SZ,2022/12/30,10.72,10.76,10.6,10.68,4.10826
000676.SZ,2022/12/30,5.18,5.34,5.18,5.29,8.18467
000681.SZ,2022/12/30,11.66,12.48,11.65,12.3,3.88806
000682.SZ,2022/12/30,7.93,8.1,7.93,8.04,12.9104
000685.SZ,2022/12/30,6.93,7.05,6.93,7.03,11.9206
000686.SZ,2022/12/30,6.47,6.63,6.47,6.5,6.07826
000688.SZ,2022/12/30,16.27,16.48,16.13,16.21,3.90112
000690.SZ,2022/12/30,6.4,6.56,6.37,6.5,34.7101
000712.SZ,2022/12/30,12.73,12.99,12.73,12.94,9.8923
000718.SZ,2022/12/30,3.26,3.31,3.22,3.3,8.21803
000727.SZ,2022/12/30,1.94,1.97,1.93,1.97,4.26868
000735.SZ,2022/12/30,6.81,7.12,6.74,7.07,3.08719
000736.SZ,2022/12/30,18.58,18.77,17.59,17.91,2.71628
000737.SZ,2022/12/30,5.13,5.19,5.12,5.14,2.69313
000756.SZ,2022/12/30,32.15,32.4,30.03,30.1,1.51873
000758.SZ,2022/12/30,4.75,4.78,4.7,4.75,13.4825
000761.SZ,2022/12/30,2.97,2.97,2.94,2.95,1.78942
000762.SZ,2022/12/30,39.2,39.3,38.5,38.61,4.0732
000767.SZ,2022/12/30,3.36,3.42,3.33,3.39,8.15301
000789.SZ,2022/12/30,8.56,8.6,8.46,8.54,5.10126
000791.SZ,2022/12/30,5.21,5.28,5.16,5.28,2.88155
000795.SZ,2022/12/30,6.56,6.61,6.47,6.49,3.29549
000801.SZ,2022/12/30,6.55,6.6,6.5,6.52,10.8405
000810.SZ,2022/12/30,13.88,13.95,13.82,13.94,5.43249
000811.SZ,2022/12/30,10.95,11.12,10.83,11.1,12.002
000813.SZ,2022/12/30,3.87,3.89,3.67,3.71,2.88887
000818.SZ,2022/12/30,26.92,27.6,26.75,27.35,1.54007
000821.SZ,2022/12/30,16.57,16.76,16.37,16.4,1.86504
000828.SZ,2022/12/30,8.92,8.98,8.89,8.97,2.95524
000829.SZ,2022/12/30,9.66,9.76,9.45,9.74,11.9764
000848.SZ,2022/12/30,8.45,8.58,8.24,8.48,23.512
000851.SZ,2022/12/30,4.79,4.87,4.73,4.81,1.8437
000860.SZ,2022/12/30,28.88,29.96,28.88,29.82,2.07536
000875.SZ,2022/12/30,6,6.16,6,6.09,1.08159
000881.SZ,2022/12/30,7.75,7.8,7.7,7.73,3.89199
000885.SZ,2022/12/30,9.5,9.5,9.33,9.47,1.986
000901.SZ,2022/12/30,8.13,8.17,8.12,8.16,5.06987
000902.SZ,2022/12/30,11.57,11.62,11.38,11.51,2.76806
000913.SZ,2022/12/30,18.37,18.67,18.21,18.48,2.06373
000915.SZ,2022/12/30,45.18,45.63,44.38,45.5,2.43212
000917.SZ,2022/12/30,5.09,5.21,5.05,5.18,6.19637
000921.SZ,2022/12/30,13.27,13.53,13.1,13.17,1.20915
000923.SZ,2022/12/30,13.24,13.3,12.96,13.15,1.06063
000927.SZ,2022/12/30,2.81,2.82,2.79,2.79,1.16778
000928.SZ,2022/12/30,5.85,5.9,5.83,5.88,2.16206
000935.SZ,2022/12/30,20.78,21.34,20.78,21,1.95896
000950.SZ,2022/12/30,5.09,5.12,5.06,5.08,2.09553
000951.SZ,2022/12/30,15.1,15.28,14.72,14.84,3.7346
000966.SZ,2022/12/30,4.56,4.65,4.54,4.63,2.92166
000968.SZ,2022/12/30,8.69,8.74,8.58,8.69,1.46517
000969.SZ,2022/12/30,7.88,7.9,7.73,7.75,5.12041
000982.SZ,2022/12/30,1.78,1.79,1.77,1.78,12.9549
000989.SZ,2022/12/30,8.85,8.85,8.72,8.81,4.00751
000990.SZ,2022/12/30,8.66,8.8,8.6,8.8,2.32836
001213.SZ,2022/12/30,4.29,4.33,4.28,4.32,1.004
001236.SZ,2022/12/30,14.63,14.7,13.5,13.55,1
001258.SZ,2022/12/30,10.57,10.65,10.43,10.46,1
001269.SZ,2022/12/30,99.19,103.98,97.6,99.24,1
001270.SZ,2022/12/30,121.8,123,119.37,122,1
001301.SZ,2022/12/30,59.04,59.04,59.04,59.04,1
001308.SZ,2022/12/30,31.85,31.9,30.65,31.04,1.32585
001322.SZ,2022/12/30,15.68,15.75,14.92,15.2,1
001323.SZ,2022/12/30,32.85,33.33,32.85,33.12,1.02559
001338.SZ,2022/12/30,20.42,21.35,19.88,21.12,1
001696.SZ,2022/12/30,5.91,5.97,5.91,5.94,20.5147
002002.SZ,2022/12/30,3.23,3.25,3.23,3.24,7.51377
002003.SZ,2022/12/30,10,10.12,9.9,10.12,16.4371
002004.SZ,2022/12/30,5.1,5.15,5.06,5.1,16.1575
002006.SZ,2022/12/30,24.94,25.28,24.86,25,5.7282
002011.SZ,2022/12/30,13.25,13.5,13.1,13.13,4.7691
002015.SZ,2022/12/30,13.05,13.28,12.87,13.12,4.57644
002017.SZ,2022/12/30,13,13.33,12.94,13.15,4.66972
002020.SZ,2022/12/30,12.19,12.45,12.11,12.18,8.7427
002023.SZ,2022/12/30,8.23,8.3,8.22,8.27,7.41909
002034.SZ,2022/12/30,17.99,18.19,17.9,18.04,2.58715
002036.SZ,2022/12/30,12.44,12.53,12.3,12.37,5.23572
002038.SZ,2022/12/30,8.28,8.29,8.2,8.22,16.6739
002041.SZ,2022/12/30,20,20.03,19.65,19.82,10.5615
002043.SZ,2022/12/30,11.25,11.35,10.7,10.86,5.86239
002044.SZ,2022/12/30,6.02,6.21,5.88,6.13,7.46987
002048.SZ,2022/12/30,13.9,14.04,13.85,13.9,7.66612
002051.SZ,2022/12/30,7.83,7.88,7.77,7.87,5.42905
002053.SZ,2022/12/30,10.97,11.08,10.9,11.08,2.17262
002055.SZ,2022/12/30,8.69,8.72,8.58,8.62,5.98377
002060.SZ,2022/12/30,6.83,6.98,6.82,6.88,3.99616
002061.SZ,2022/12/30,5.28,5.31,5.24,5.3,2.33821
002063.SZ,2022/12/30,7.57,7.68,7.45,7.59,14.817
002068.SZ,2022/12/30,12.36,12.57,11.9,11.97,5.95304
002079.SZ,2022/12/30,14.12,14.18,13.21,13.39,4.95639
002085.SZ,2022/12/30,5.98,6.09,5.92,5.95,7.90887
002088.SZ,2022/12/30,22.82,23.28,22.55,23.12,5.86764
002091.SZ,2022/12/30,8.4,8.54,8.4,8.5,7.29385
002097.SZ,2022/12/30,5.88,5.9,5.84,5.89,4.89805
002099.SZ,2022/12/30,7,7.08,6.98,7.01,7.22031
002100.SZ,2022/12/30,8.16,8.31,8.08,8.31,12.0681
002101.SZ,2022/12/30,21.6,22.15,21.45,21.67,4.08175
002106.SZ,2022/12/30,7.67,7.71,7.64,7.68,3.6457
002108.SZ,2022/12/30,4.61,4.63,4.6,4.61,17.2685
002123.SZ,2022/12/30,11.12,11.29,10.98,11.23,7.33805
002124.SZ,2022/12/30,6.04,6.12,6.02,6.11,16.4865
002125.SZ,2022/12/30,13.72,13.82,13.46,13.48,4.15262
002126.SZ,2022/12/30,12.58,12.75,12.32,12.41,5.60128
002130.SZ,2022/12/30,6.38,6.57,6.38,6.45,20.6005
002135.SZ,2022/12/30,6.24,6.25,6.18,6.23,3.17212
002139.SZ,2022/12/30,10.36,10.46,10.3,10.37,16.9195
002145.SZ,2022/12/30,6.16,6.19,6.13,6.16,4.45312
002151.SZ,2022/12/30,27.9,28.12,27.6,28.08,5.82557
002158.SZ,2022/12/30,24.36,24.63,23.93,23.95,4.09611
002163.SZ,2022/12/30,11.5,11.57,11.2,11.41,4.66415
002171.SZ,2022/12/30,7.4,7.43,7.32,7.35,5.2854
002174.SZ,2022/12/30,8.58,9.26,8.46,9.26,3.11198
002176.SZ,2022/12/30,17.89,18.03,17.4,17.45,12.957
002182.SZ,2022/12/30,21.15,21.62,21.04,21.1,3.34175
002190.SZ,2022/12/30,26.11,26.3,25.88,26.05,2.65295
002191.SZ,2022/12/30,7.22,7.28,7.2,7.23,6.70112
002194.SZ,2022/12/30,9.13,9.26,9.07,9.21,3.71107
002201.SZ,2022/12/30,12.86,13,12.68,12.9,7.37924
002204.SZ,2022/12/30,5.17,5.21,5.14,5.19,4.84892
002206.SZ,2022/12/30,6.05,6.07,5.93,5.97,11.2409
002212.SZ,2022/12/30,9.85,10.03,9.79,9.99,3.27003
002214.SZ,2022/12/30,13.22,13.35,13.02,13.12,5.0889
002215.SZ,2022/12/30,5.31,5.31,5.24,5.27,8.32082
002216.SZ,2022/12/30,17.95,18.61,17.78,18.51,9.5664
002217.SZ,2022/12/30,2.54,2.55,2.51,2.55,5.72325
002218.SZ,2022/12/30,4.83,4.86,4.79,4.83,5.62451
002219.SZ,2022/12/30,3.96,3.98,3.93,3.94,22.1662
002222.SZ,2022/12/30,15.8,15.85,15.61,15.82,2.66579
002226.SZ,2022/12/30,4.98,4.98,4.87,4.9,12.9087
002233.SZ,2022/12/30,7.06,7.14,7.05,7.1,3.08896
002234.SZ,2022/12/30,19.03,19.39,18.73,19.34,2.17988
002237.SZ,2022/12/30,10.48,10.7,10.47,10.54,8.33272
002239.SZ,2022/12/30,2.29,2.5,2.28,2.5,9.07968
002242.SZ,2022/12/30,16.4,16.52,16.15,16.48,5.33867
002243.SZ,2022/12/30,7.64,7.74,7.62,7.72,1.7413
002245.SZ,2022/12/30,15.2,15.31,14.77,14.88,13.8748
002254.SZ,2022/12/30,21.65,21.83,21.1,21.21,6.13012
002258.SZ,2022/12/30,18.22,18.3,17.93,17.96,5.23552
002261.SZ,2022/12/30,6.46,6.73,6.43,6.63,10.1383
002262.SZ,2022/12/30,24.42,24.95,23.79,24.55,8.68521
002267.SZ,2022/12/30,7.18,7.26,7.14,7.21,2.8033
002274.SZ,2022/12/30,7.37,7.38,7.22,7.29,3.38944
002276.SZ,2022/12/30,8.26,8.36,8.23,8.25,3.82177
002283.SZ,2022/12/30,4.82,4.85,4.76,4.78,4.28354
002285.SZ,2022/12/30,3.25,3.32,3.25,3.29,14.7026
002287.SZ,2022/12/30,22.71,22.91,22.4,22.85,1.56853
002291.SZ,2022/12/30,12.7,13.03,12.68,13,1.72552
002292.SZ,2022/12/30,4.53,4.68,4.51,4.66,7.91236
002302.SZ,2022/12/30,7.21,7.28,7.09,7.25,4.22019
002307.SZ,2022/12/30,5.13,5.18,5.09,5.15,4.19311
002310.SZ,2022/12/30,2.06,2.12,2.05,2.1,46.5301
002312.SZ,2022/12/30,10.62,10.7,10.49,10.52,18.2071
002314.SZ,2022/12/30,3.8,3.87,3.78,3.82,2.36738
002317.SZ,2022/12/30,29.61,29.98,26.87,26.99,10.9594
002318.SZ,2022/12/30,16.8,16.87,16.44,16.64,5.9657
002320.SZ,2022/12/30,5.36,5.51,5.34,5.5,13.7104
002324.SZ,2022/12/30,16.2,16.3,15.95,16,8.16199
002332.SZ,2022/12/30,11.44,11.48,11.08,11.3,2.62514
002335.SZ,2022/12/30,50.13,51.5,49.5,49.89,5.87949
002344.SZ,2022/12/30,4.55,4.73,4.52,4.69,4.43725
002349.SZ,2022/12/30,12.41,12.52,12.08,12.08,7.92657
002351.SZ,2022/12/30,8.85,8.93,8.8,8.88,7.25425
002367.SZ,2022/12/30,7.48,7.54,7.47,7.5,8.42793
002378.SZ,2022/12/30,7.35,7.36,7.01,7.04,2.11621
002389.SZ,2022/12/30,20.88,21.07,20.55,20.57,6.19633
002390.SZ,2022/12/30,4.77,4.8,4.69,4.7,10.4059
002396.SZ,2022/12/30,18.99,19.35,18.98,19.16,3.26365
002400.SZ,2022/12/30,4.19,4.29,4.17,4.28,18.5491
002402.SZ,2022/12/30,14.82,14.98,14.5,14.58,12.2406
002405.SZ,2022/12/30,11.02,11.12,11.02,11.02,4.00748
002413.SZ,2022/12/30,4.4,4.43,4.37,4.42,4.96394
002416.SZ,2022/12/30,9.08,9.57,9.07,9.48,3.0909
002421.SZ,2022/12/30,3.41,3.48,3.41,3.46,18.1348
002424.SZ,2022/12/30,8.38,8.42,8.15,8.16,10.8131
002428.SZ,2022/12/30,9.38,9.4,9.26,9.32,5.28853
002434.SZ,2022/12/30,8.05,8.27,8.03,8.05,7.10583
002435.SZ,2022/12/30,4.82,4.83,4.66,4.67,4.27251
002436.SZ,2022/12/30,9.85,9.9,9.59,9.68,13.3161
002440.SZ,2022/12/30,7.22,7.28,7.2,7.25,5.41614
002446.SZ,2022/12/30,9.65,9.7,9.47,9.56,4.9719
002453.SZ,2022/12/30,10.32,10.52,10.24,10.5,4.13201
002456.SZ,2022/12/30,4.7,4.72,4.7,4.71,20.4437
002461.SZ,2022/12/30,7.97,8.02,7.88,8.01,2.15733
002467.SZ,2022/12/30,4.79,5.03,4.75,4.97,11.5083
002472.SZ,2022/12/30,24.9,26.69,24.74,25.45,5.15662
002481.SZ,2022/12/30,6.15,6.32,6,6.26,18.5611
002484.SZ,2022/12/30,22.49,23.25,22.26,22.37,4.77419
002488.SZ,2022/12/30,6.09,6.11,6.03,6.04,6.16205
002489.SZ,2022/12/30,3.64,3.72,3.64,3.66,12.0638
002498.SZ,2022/12/30,4.18,4.19,4.14,4.18,8.10557
002516.SZ,2022/12/30,4.97,4.98,4.89,4.9,8.68278
002517.SZ,2022/12/30,6.59,6.68,6.48,6.56,6.23396
002534.SZ,2022/12/30,14.46,14.7,14.39,14.48,2.27673
002537.SZ,2022/12/30,7.71,7.78,7.65,7.67,6.88828
002539.SZ,2022/12/30,11.21,11.24,11.08,11.12,6.244
002541.SZ,2022/12/30,29.2,29.4,28.7,29.29,4.16291
002544.SZ,2022/12/30,16.88,16.91,16.7,16.79,6.36732
002545.SZ,2022/12/30,8.3,8.35,8.26,8.29,5.34357
002549.SZ,2022/12/30,15.52,15.62,15,15.11,8.39792
002550.SZ,2022/12/30,6.41,6.41,6.25,6.26,10.043
002556.SZ,2022/12/30,8.74,8.76,8.63,8.75,5.60882
002558.SZ,2022/12/30,7.75,7.97,7.75,7.96,4.29619
002567.SZ,2022/12/30,6.91,7.11,6.86,7.08,5.27532
002573.SZ,2022/12/30,5.51,5.6,5.45,5.56,8.1234
002581.SZ,2022/12/30,15.9,15.94,15.68,15.75,2.88683
002583.SZ,2022/12/30,5.05,5.16,5.04,5.11,5.63272
002585.SZ,2022/12/30,12.9,12.97,12.69,12.75,3.8078
002589.SZ,2022/12/30,4.17,4.18,4.11,4.12,9.49459
002597.SZ,2022/12/30,32.35,32.71,32.24,32.5,5.06137
002605.SZ,2022/12/30,13.74,14.1,13.61,14.05,4.60934
002610.SZ,2022/12/30,2.83,2.86,2.83,2.85,12.5054
002611.SZ,2022/12/30,4.06,4.07,4.04,4.06,6.94594
002612.SZ,2022/12/30,27.62,27.95,26.25,27.76,2.42945
002617.SZ,2022/12/30,9.28,9.49,9.23,9.23,7.82125
002626.SZ,2022/12/30,21.18,21.42,20.56,20.72,8.03201
002635.SZ,2022/12/30,12.33,12.39,12.3,12.35,4.88563
002636.SZ,2022/12/30,7.95,8.01,7.78,7.79,2.65244
002639.SZ,2022/12/30,8.48,8.54,8.48,8.5,3.08768
002641.SZ,2022/12/30,4.37,4.4,4.34,4.4,6.28443
002643.SZ,2022/12/30,15.01,15.17,14.6,14.66,5.80088
002645.SZ,2022/12/30,14.87,15.08,14.8,14.91,5.47045
002646.SZ,2022/12/30,15.15,15.42,14.95,15.3,1.08948
002649.SZ,2022/12/30,10.22,10.34,10.17,10.29,5.09618
002651.SZ,2022/12/30,6.57,6.59,6.5,6.54,3.1131
002664.SZ,2022/12/30,13.03,13.26,13.02,13.09,3.14558
002675.SZ,2022/12/30,16.5,16.65,16.3,16.56,5.15277
002677.SZ,2022/12/30,10.96,11.12,10.96,11.08,4.24961
002695.SZ,2022/12/30,13.2,13.93,13.17,13.88,4.2429
002697.SZ,2022/12/30,5.52,5.67,5.43,5.63,7.41552
002698.SZ,2022/12/30,13.7,14.1,13.52,14.01,2.80265
002701.SZ,2022/12/30,5.16,5.18,5,5.05,9.4941
002706.SZ,2022/12/30,14.59,15.03,14.37,14.65,11.918
002724.SZ,2022/12/30,8.1,8.15,8.07,8.08,1.966
002726.SZ,2022/12/30,9.13,9.24,9.09,9.17,4.65017
002727.SZ,2022/12/30,32.5,32.5,30.88,31.51,2.17498
002733.SZ,2022/12/30,17.5,17.57,16.91,17.15,2.37563
002737.SZ,2022/12/30,21.62,23.6,21.33,23.18,5.06624
002741.SZ,2022/12/30,17.95,18.18,17.89,18.05,3.06368
002746.SZ,2022/12/30,9.08,9.17,8.95,9.16,4.26251
002747.SZ,2022/12/30,21.69,22.09,21.57,21.68,6.18038
002759.SZ,2022/12/30,16.6,16.65,16.19,16.23,2.57945
002768.SZ,2022/12/30,26.55,29.02,26.26,29.02,3.12664
002773.SZ,2022/12/30,15.58,15.73,15.38,15.69,2.01981
002777.SZ,2022/12/30,14.76,15.18,14.67,15,5.00139
002782.SZ,2022/12/30,17.2,17.35,17.02,17.22,2.64528
002807.SZ,2022/12/30,3.97,3.99,3.93,3.97,1.41322
002810.SZ,2022/12/30,22.6,22.79,22.35,22.42,3.35614
002815.SZ,2022/12/30,9.88,9.91,9.81,9.91,2.23706
002832.SZ,2022/12/30,25.3,25.73,25.15,25.61,5.29934
002837.SZ,2022/12/30,33.29,34.08,32.9,33.31,4.98685
002838.SZ,2022/12/30,17.6,18.08,17.5,17.68,4.99588
002839.SZ,2022/12/30,4.62,4.62,4.55,4.61,1.36178
002840.SZ,2022/12/30,16.57,16.89,16.35,16.89,2.42833
002847.SZ,2022/12/30,109.2,109.98,107.2,108.29,1.04928
002851.SZ,2022/12/30,25.8,26.17,25.51,25.96,2.30849
002859.SZ,2022/12/30,27.55,28.35,27.43,28.23,4.1564
002865.SZ,2022/12/30,188.81,188.98,180.56,185.1,1.02845
002891.SZ,2022/12/30,22.08,22.35,21.85,22.31,2.57861
002895.SZ,2022/12/30,25.8,26.69,25.65,26.07,1.05846
002906.SZ,2022/12/30,34.49,34.94,33,33.22,1.03424
002911.SZ,2022/12/30,12.2,12.25,11.98,11.99,1.96291
002913.SZ,2022/12/30,24.3,24.67,24.22,24.37,2.1444
002918.SZ,2022/12/30,18.23,18.29,17.82,17.98,2.71364
002928.SZ,2022/12/30,13.3,13.95,13.26,13.83,2.29455
002929.SZ,2022/12/30,38.63,39.35,38.51,39.26,1.02335
002932.SZ,2022/12/30,58.91,59.3,57.06,57.27,2.33337
002941.SZ,2022/12/30,12.25,12.32,12.19,12.28,1.01976
002946.SZ,2022/12/30,12.9,13.27,12.76,13.23,1.01721
002948.SZ,2022/12/30,3.35,3.41,3.35,3.36,1.25051
002950.SZ,2022/12/30,12.15,12.29,12,12.25,1.63247
002959.SZ,2022/12/30,60.23,60.68,59.85,60.32,1.34726
002960.SZ,2022/12/30,28.36,28.36,27.81,27.99,2.02653
002961.SZ,2022/12/30,13.3,13.45,13.24,13.33,1.03965
002967.SZ,2022/12/30,16.81,16.88,16.61,16.78,1.61989
002978.SZ,2022/12/30,33.45,33.57,33.2,33.36,1.07151
002979.SZ,2022/12/30,22.65,22.96,22.33,22.61,1.51337
002984.SZ,2022/12/30,30.45,31.16,30.17,30.79,1.01408
002987.SZ,2022/12/30,26.65,27,26.25,26.59,1.9778
002990.SZ,2022/12/30,26.65,27.77,26.41,27.43,2.03096
002991.SZ,2022/12/30,76.25,76.86,73.69,76.29,1.03883
002993.SZ,2022/12/30,34.12,34.4,33.84,34.01,1.31487
003006.SZ,2022/12/30,13.92,14.14,13.63,13.81,1.04245
003009.SZ,2022/12/30,39.68,39.99,39.32,39.45,1.00304
003012.SZ,2022/12/30,7.99,8.02,7.83,7.86,1.04149
003021.SZ,2022/12/30,48.69,49.39,47.6,48.07,1.6276
003031.SZ,2022/12/30,95.83,97.97,94.9,96.3,1.97035
003032.SZ,2022/12/30,16.94,17.53,16.43,17.26,1.0024
003039.SZ,2022/12/30,17.05,17.16,16.82,16.91,1.00843
003040.SZ,2022/12/30,17.34,17.61,17.31,17.44,1.00542
300002.SZ,2022/12/30,4.28,4.36,4.26,4.34,15.4637
300007.SZ,2022/12/30,16.99,17.05,16.77,16.9,4.16602
300027.SZ,2022/12/30,2.65,2.8,2.65,2.78,15.1034
300031.SZ,2022/12/30,13.31,13.94,13.21,13.83,6.79662
300034.SZ,2022/12/30,45.88,46.43,45.33,45.84,3.75386
300035.SZ,2022/12/30,20.8,21.14,20.4,20.58,8.48505
300036.SZ,2022/12/30,18.44,18.98,18.34,18.65,5.35018
300039.SZ,2022/12/30,8.32,8.39,8.04,8.06,11.6902
300054.SZ,2022/12/30,21.5,21.95,20.98,21.29,12.8807
300055.SZ,2022/12/30,8.1,8.16,8.05,8.06,8.04579
300065.SZ,2022/12/30,13.06,13.42,12.95,13.21,8.76696
300068.SZ,2022/12/30,20.9,21.85,20.31,21.3,2.5954
300075.SZ,2022/12/30,17.39,17.8,17.2,17.53,7.03122
300077.SZ,2022/12/30,13.92,14.06,13.89,13.95,5.14936
300079.SZ,2022/12/30,4.67,4.83,4.67,4.79,12.5665
300080.SZ,2022/12/30,4.7,4.71,4.64,4.66,2.6371
300083.SZ,2022/12/30,8.7,8.73,8.39,8.47,8.22974
300085.SZ,2022/12/30,9.26,9.34,9.1,9.3,10.985
300087.SZ,2022/12/30,16.19,16.35,15.95,16.1,12.2705
300091.SZ,2022/12/30,3.54,3.57,3.54,3.55,12.2013
300101.SZ,2022/12/30,24.16,24.74,23.96,24.5,8.17983
300102.SZ,2022/12/30,6.41,6.41,6.27,6.32,5.42655
300109.SZ,2022/12/30,23.64,24.43,23.12,24.2,4.49112
300114.SZ,2022/12/30,10.35,10.44,10.18,10.26,5.97188
300119.SZ,2022/12/30,18.5,18.63,18.33,18.61,6.01724
300123.SZ,2022/12/30,5.97,6.01,5.88,5.91,6.06601
300130.SZ,2022/12/30,12,12.15,11.97,12.07,7.08874
300131.SZ,2022/12/30,4.82,4.85,4.81,4.83,18.5318
300133.SZ,2022/12/30,5.23,5.37,5.19,5.33,25.5716
300134.SZ,2022/12/30,7.73,7.82,7.66,7.76,4.32682
300143.SZ,2022/12/30,10.45,10.45,10.05,10.17,4.25079
300151.SZ,2022/12/30,19.35,19.42,19.16,19.31,8.27123
300158.SZ,2022/12/30,7.91,7.96,7.42,7.45,5.88698
300166.SZ,2022/12/30,7.86,8.06,7.84,7.99,18.6834
300170.SZ,2022/12/30,8.07,8.21,8.03,8.14,6.59138
300171.SZ,2022/12/30,23.63,23.91,23.32,23.73,8.79351
300180.SZ,2022/12/30,3.86,3.87,3.83,3.86,7.02803
300183.SZ,2022/12/30,12,12.12,11.88,12.05,5.09898
300185.SZ,2022/12/30,2.4,2.41,2.38,2.4,8.74346
300188.SZ,2022/12/30,12.81,13.02,12.75,12.86,13.4201
300191.SZ,2022/12/30,17,17.15,16.96,17.15,4.09325
300203.SZ,2022/12/30,33.99,34.17,33.43,33.9,1.05465
300204.SZ,2022/12/30,13.98,14.08,13.57,13.6,7.84176
300206.SZ,2022/12/30,12.03,12.21,11.85,12.03,6.72358
300208.SZ,2022/12/30,10.22,10.3,10.11,10.2,10.2836
300224.SZ,2022/12/30,12.7,12.88,12.47,12.53,4.77069
300226.SZ,2022/12/30,27.29,28.12,27.11,27.71,6.65505
300229.SZ,2022/12/30,11.62,11.94,11.59,11.72,5.35045
300232.SZ,2022/12/30,5.45,5.5,5.43,5.49,9.69568
300233.SZ,2022/12/30,23,23.38,22.76,22.77,2.21526
300236.SZ,2022/12/30,28.09,28.18,27.68,27.79,2.5495
300260.SZ,2022/12/30,69.2,69.29,66.88,67.1,3.10758
300263.SZ,2022/12/30,7.1,7.14,7.05,7.08,8.36097
300267.SZ,2022/12/30,3.52,3.56,3.46,3.55,10.382
300271.SZ,2022/12/30,6.8,6.96,6.75,6.83,8.52291
300284.SZ,2022/12/30,5.56,5.6,5.53,5.6,3.8767
300294.SZ,2022/12/30,36.56,37.17,35.91,36.56,4.81031
300298.SZ,2022/12/30,34.31,34.52,33.16,33.73,6.28136
300303.SZ,2022/12/30,3.94,3.94,3.91,3.92,16.1038
300315.SZ,2022/12/30,3.09,3.22,3.09,3.21,12.2455
300319.SZ,2022/12/30,7.86,7.9,7.75,7.78,7.8718
300323.SZ,2022/12/30,6.43,6.49,6.41,6.45,3.46608
300327.SZ,2022/12/30,35.62,35.93,35.17,35.37,3.03115
300332.SZ,2022/12/30,11.87,12.08,11.84,11.99,2.07925
300339.SZ,2022/12/30,18.65,19.05,18.45,18.57,6.32447
300343.SZ,2022/12/30,9.95,9.99,9.73,9.75,13.8007
300346.SZ,2022/12/30,29.58,29.68,28.95,29.05,11.0284
300348.SZ,2022/12/30,10.13,10.32,10.06,10.18,11.69
300352.SZ,2022/12/30,4.06,4.12,4.04,4.08,19.2871
300358.SZ,2022/12/30,14.84,14.87,14.6,14.75,5.30572
300366.SZ,2022/12/30,9.53,9.89,9.5,9.62,6.07268
300369.SZ,2022/12/30,9.91,10.29,9.83,10.21,8.30544
300377.SZ,2022/12/30,8.11,8.28,8.07,8.21,10.7618
300379.SZ,2022/12/30,20.58,21.05,20.37,20.43,6.53518
300382.SZ,2022/12/30,19.2,19.29,18.72,18.88,11.3075
300393.SZ,2022/12/30,14.68,14.88,14.58,14.82,6.13051
300394.SZ,2022/12/30,25.45,25.65,25.28,25.35,4.92237
300398.SZ,2022/12/30,17.05,17.27,16.96,17.17,5.58701
300401.SZ,2022/12/30,14.33,14.55,14.16,14.39,5.18894
300406.SZ,2022/12/30,16.26,16.45,16.16,16.37,4.27155
300409.SZ,2022/12/30,14.97,15.01,14.62,14.69,5.62407
300416.SZ,2022/12/30,30.8,30.84,29.9,30.15,5.23056
300428.SZ,2022/12/30,24.88,25.66,24.7,24.75,3.84551
300432.SZ,2022/12/30,14.41,14.83,14.39,14.43,7.98484
300443.SZ,2022/12/30,39.96,41.48,39.96,40.28,4.19586
300451.SZ,2022/12/30,7.83,7.96,7.65,7.91,17.8862
300455.SZ,2022/12/30,7.39,7.45,7.33,7.41,3.74895
300456.SZ,2022/12/30,15.03,15.09,14.76,14.78,5.76873
300457.SZ,2022/12/30,18.06,18.25,17.62,17.67,5.7328
300458.SZ,2022/12/30,20.62,20.68,20.26,20.36,4.02959
300459.SZ,2022/12/30,3.08,3.17,3.08,3.15,13.7703
300463.SZ,2022/12/30,17.6,17.61,17.24,17.3,3.17213
300470.SZ,2022/12/30,38.49,39.02,38.05,38.91,3.7898
300476.SZ,2022/12/30,12.99,13.01,12.83,12.94,4.83573
300477.SZ,2022/12/30,5.05,5.09,5.05,5.06,6.45283
300485.SZ,2022/12/30,12.19,12.32,11.95,11.98,4.22368
300497.SZ,2022/12/30,12.04,13.5,11.93,13.2,6.06211
300502.SZ,2022/12/30,23.62,24.02,23.53,23.75,6.05259
300525.SZ,2022/12/30,18.9,20.32,18.9,19.8,7.55842
300527.SZ,2022/12/30,6.66,6.69,6.62,6.63,2.0048
300567.SZ,2022/12/30,51.18,51.8,49.6,50.2,3.09604
300573.SZ,2022/12/30,126.23,127,124,125.08,1.03416
300579.SZ,2022/12/30,23.92,24.48,23.73,24.13,3.45729
300587.SZ,2022/12/30,11.79,11.9,11.45,11.52,8.58106
300593.SZ,2022/12/30,42.76,43.5,42.15,42.48,3.18074
300596.SZ,2022/12/30,52.8,55.05,52.49,54.57,1.54448
300598.SZ,2022/12/30,46.2,47.68,46.2,46.76,1.96124
300602.SZ,2022/12/30,14.47,14.74,14.3,14.39,4.76501
300607.SZ,2022/12/30,14.46,14.65,14.28,14.55,5.34395
300613.SZ,2022/12/30,50.8,50.96,49.71,50.13,5.17361
300623.SZ,2022/12/30,20.66,20.71,20.13,20.62,7.08606
300627.SZ,2022/12/30,28.74,28.89,27.73,27.8,4.09002
300630.SZ,2022/12/30,25.09,25.17,24.49,24.66,3.5077
300633.SZ,2022/12/30,55.32,55.68,54.62,54.83,1.00899
300634.SZ,2022/12/30,15.07,15.57,15.04,15.25,1.01417
300638.SZ,2022/12/30,18,18.16,17.8,17.9,7.04521
300639.SZ,2022/12/30,16.98,17.03,16.8,16.85,4.66358
300653.SZ,2022/12/30,42.95,43.26,42.56,43,2.3602
300655.SZ,2022/12/30,15.28,15.36,14.66,14.68,5.28478
300662.SZ,2022/12/30,49.85,49.85,48,49,1.01759
300663.SZ,2022/12/30,13.08,13.28,13.05,13.08,3.3793
300666.SZ,2022/12/30,70.18,70.8,68.88,69.2,1.00831
300671.SZ,2022/12/30,41.88,42.05,40.63,40.87,1.83472
300672.SZ,2022/12/30,86,86.53,83.68,85.05,1.61782
300674.SZ,2022/12/30,13.77,14.06,13.64,14.05,1.65552
300679.SZ,2022/12/30,37.41,38.16,36.8,37,3.64131
300685.SZ,2022/12/30,26.6,26.94,26.3,26.45,4.93138
300687.SZ,2022/12/30,29.5,30.1,29.33,29.5,4.42708
300693.SZ,2022/12/30,54.88,55.97,53.58,54.28,2.32242
300696.SZ,2022/12/30,26.25,26.63,26.25,26.53,4.06879
300702.SZ,2022/12/30,24.99,25.69,24.5,25.52,2.74487
300723.SZ,2022/12/30,34.65,34.94,34.26,34.58,1.82936
300725.SZ,2022/12/30,80.29,80.9,79.5,80.5,2.55418
300726.SZ,2022/12/30,42.06,45.36,42.06,44.14,1.03996
300735.SZ,2022/12/30,8.94,8.98,8.86,8.88,1.96225
300737.SZ,2022/12/30,12.32,12.73,12.06,12.58,1.82486
300738.SZ,2022/12/30,8.72,8.9,8.71,8.81,10.0153
300747.SZ,2022/12/30,24,24.28,23.37,23.65,4.41453
300755.SZ,2022/12/30,32.02,32.28,30.5,30.87,1.84615
300761.SZ,2022/12/30,33.01,34.35,32.86,34.25,1.05142
300762.SZ,2022/12/30,13.29,13.36,12.99,13.18,4.12128
300765.SZ,2022/12/30,16.1,16.16,15.65,15.78,2.78366
300767.SZ,2022/12/30,47.62,48.5,46.75,46.75,3.0406
300768.SZ,2022/12/30,13.03,13.34,12.86,13.16,1.51907
300770.SZ,2022/12/30,37.11,37.86,36.95,37.66,1.89562
300772.SZ,2022/12/30,14.84,15.09,14.71,14.87,1.8319
300773.SZ,2022/12/30,16.76,17.05,16.7,16.88,2.11578
300775.SZ,2022/12/30,37.91,38.53,37.7,38,1.01206
300777.SZ,2022/12/30,49,49.75,48.85,49.15,1.00632
300783.SZ,2022/12/30,21.6,21.7,20.81,21.47,1.0181
300792.SZ,2022/12/30,27.45,28.33,27.45,27.9,2.74537
300803.SZ,2022/12/30,45.31,46.32,45.31,45.72,1.00313
300811.SZ,2022/12/30,85.9,87.25,85.33,86.47,1.82022
300820.SZ,2022/12/30,76,76.28,73.21,73.48,2.30134
300821.SZ,2022/12/30,11.94,11.95,11.67,11.68,1.06912
300827.SZ,2022/12/30,58.35,61.28,57.73,58.84,3.25266
300841.SZ,2022/12/30,86.59,86.8,83.66,84.62,2.27721
300855.SZ,2022/12/30,47.58,47.98,46.6,46.79,1.51399
300856.SZ,2022/12/30,50.31,52.6,50.19,52.15,1.51521
300860.SZ,2022/12/30,49.74,52.3,49.6,52.03,1.91706
300869.SZ,2022/12/30,32.06,33.68,31.1,32.57,1.01466
300887.SZ,2022/12/30,32.28,33.07,31.9,32.61,3.27643
300894.SZ,2022/12/30,25.75,25.8,25,25.28,1.03194
300900.SZ,2022/12/30,28.5,29.06,28.31,28.73,1.00291
300910.SZ,2022/12/30,120.54,125.79,117,123.31,1.0274
300942.SZ,2022/12/30,17.4,17.43,17.06,17.14,1.01274
300953.SZ,2022/12/30,83.01,83.89,82.05,82.65,1.00293
300973.SZ,2022/12/30,93.8,96.99,92.71,96.18,1.00903
300981.SZ,2022/12/30,18.45,18.96,18.25,18.78,1.94913
301015.SZ,2022/12/30,24.1,24.14,23.5,23.84,1.0322
301031.SZ,2022/12/30,163.5,168,162.5,162.99,1.00525
301035.SZ,2022/12/30,88.02,88.74,85.31,87.1,1.0216
301039.SZ,2022/12/30,7.85,8.15,7.81,7.97,1.05014
301047.SZ,2022/12/30,100.26,101.35,99.26,99.66,1.95368
301050.SZ,2022/12/30,73.01,77.49,72.56,77.17,1.80205
301060.SZ,2022/12/30,19.52,19.82,19.31,19.61,1.00781
301069.SZ,2022/12/30,27.68,27.93,27.38,27.58,1.00672
301071.SZ,2022/12/30,120.97,123.5,118.2,119.15,2.00766
301078.SZ,2022/12/30,12.8,13.17,12.72,12.95,1.00135
301080.SZ,2022/12/30,106.1,107.7,102.55,102.69,1.01153
301087.SZ,2022/12/30,37.68,38.03,36.25,36.48,1.34291
301089.SZ,2022/12/30,76.39,76.79,71.88,72,1.00075
301090.SZ,2022/12/30,10.03,10.1,10,10.06,1.00462
301095.SZ,2022/12/30,88.51,90.35,87.19,89.03,1
301155.SZ,2022/12/30,88.98,89.99,87.01,87.35,1.01327
301165.SZ,2022/12/30,33.92,34.76,33.26,34.11,1
301171.SZ,2022/12/30,18.01,19.1,17.96,18.71,1
301175.SZ,2022/12/30,6.07,6.13,6.07,6.07,1
301177.SZ,2022/12/30,59.35,64.25,58.74,62.98,1.02987
301180.SZ,2022/12/30,16.79,16.88,16.37,16.45,1.0026
301200.SZ,2022/12/30,38.5,39.2,38.31,39.2,1.00813
301206.SZ,2022/12/30,37.07,39,36.79,39,1.52186
301207.SZ,2022/12/30,45.08,45.6,44,44.58,1.0046
301216.SZ,2022/12/30,28.77,28.85,28.61,28.68,1.00679
301217.SZ,2022/12/30,12.48,12.48,12.32,12.39,1.01069
301219.SZ,2022/12/30,68.81,69.48,68.53,68.93,1.83841
301236.SZ,2022/12/30,35.6,36.18,35,35.18,1.51928
301238.SZ,2022/12/30,23.27,23.38,22.37,22.49,1
301239.SZ,2022/12/30,72.13,72.65,70.01,70.6,1
301267.SZ,2022/12/30,73.05,74,71.5,73.11,1
301268.SZ,2022/12/30,49.2,52.8,48.73,50.21,1.00176
301301.SZ,2022/12/30,9.7,9.76,8.94,8.95,1
301308.SZ,2022/12/30,60.35,60.58,58.22,58.98,1.00855
301316.SZ,2022/12/30,18.91,19.46,18.7,19.19,1
301327.SZ,2022/12/30,188.9,191.88,187.3,188.25,1
301363.SZ,2022/12/30,41,42.38,40.3,41.91,1
301367.SZ,2022/12/30,224.6,225.75,218.2,219.57,1
600006.SH,2022/12/30,5.64,5.69,5.56,5.58,2.81
600007.SH,2022/12/30,15.66,15.91,15.56,15.83,1.53483
600017.SH,2022/12/30,2.76,2.82,2.75,2.82,3.37092
600037.SH,2022/12/30,8.03,8.19,8.02,8.14,4.26674
600055.SH,2022/12/30,19.76,19.77,19.43,19.54,10.7086
600057.SH,2022/12/30,10.29,10.33,10.14,10.27,8.14959
600058.SH,2022/12/30,8.67,8.68,8.6,8.61,3.66355
600059.SH,2022/12/30,9.53,9.78,9.42,9.71,6.46162
600063.SH,2022/12/30,5.9,5.91,5.83,5.85,10.5354
600064.SH,2022/12/30,6.62,6.63,6.57,6.61,20.3732
600072.SH,2022/12/30,11.88,11.95,11.86,11.9,3.22991
600073.SH,2022/12/30,7.82,8,7.65,7.95,2.43257
600075.SH,2022/12/30,5.49,5.5,5.43,5.47,9.23525
600098.SH,2022/12/30,5.55,5.59,5.5,5.55,4.43391
600100.SH,2022/12/30,4.28,4.32,4.27,4.31,15.4819
600108.SH,2022/12/30,3.1,3.14,3.08,3.14,7.34373
600110.SH,2022/12/30,8.06,8.09,7.95,7.95,11.5111
600116.SH,2022/12/30,8.55,8.6,8.47,8.57,4.75349
600120.SH,2022/12/30,3.55,3.59,3.54,3.57,61.0301
600123.SH,2022/12/30,13.42,13.48,13.31,13.34,6.48118
600125.SH,2022/12/30,5.36,5.5,5.33,5.46,13.7707
600129.SH,2022/12/30,29.62,30.18,29.19,30.06,2.30555
600151.SH,2022/12/30,8.17,8.35,8.12,8.15,3.61291
600158.SH,2022/12/30,8.43,8.73,8.43,8.73,5.09006
600163.SH,2022/12/30,5.32,5.41,5.3,5.37,1.76758
600169.SH,2022/12/30,2.36,2.39,2.36,2.38,7.62735
600172.SH,2022/12/30,4.88,4.91,4.82,4.84,6.6611
600179.SH,2022/12/30,3.23,3.29,3.2,3.29,1.77894
600184.SH,2022/12/30,10.91,11.44,10.9,11.2,3.10744
600185.SH,2022/12/30,11.02,11.1,10.15,10.43,5.57587
600197.SH,2022/12/30,24.41,24.6,23.91,24.54,3.05974
600201.SH,2022/12/30,8.93,9.04,8.83,9.01,12.4916
600206.SH,2022/12/30,12.9,12.9,12.72,12.84,3.12074
600210.SH,2022/12/30,5,5.03,4.98,5,6.64522
600211.SH,2022/12/30,35.55,36.19,35.25,35.92,1.83282
600216.SH,2022/12/30,11.8,11.82,11.63,11.69,4.7469
600217.SH,2022/12/30,4.88,4.96,4.83,4.92,3.28508
600223.SH,2022/12/30,10.4,10.65,10.31,10.59,1.52726
600225.SH,2022/12/30,5.97,6.37,5.83,6.37,1.8879
600246.SH,2022/12/30,6.43,6.46,6.13,6.29,9.3811
600248.SH,2022/12/30,4.18,4.21,4.14,4.2,3.5746
600252.SH,2022/12/30,2.62,2.63,2.61,2.63,30.5994
600266.SH,2022/12/30,4.61,4.72,4.56,4.65,4.6483
600267.SH,2022/12/30,11.21,11.39,11.01,11.02,5.29589
600273.SH,2022/12/30,8.35,8.4,8.33,8.37,1.36102
600277.SH,2022/12/30,4.18,4.19,4.14,4.18,4.19677
600284.SH,2022/12/30,6.68,6.77,6.63,6.74,2.71206
600285.SH,2022/12/30,13.15,13.16,12.91,13.04,5.94549
600295.SH,2022/12/30,15.31,15.45,15.14,15.19,4.20412
600305.SH,2022/12/30,12.17,12.35,12.04,12.31,7.65422
600308.SH,2022/12/30,5.04,5.08,5.02,5.07,6.44736
600312.SH,2022/12/30,7.98,7.98,7.89,7.91,5.10254
600313.SH,2022/12/30,10.19,10.28,10.11,10.24,3.06923
600320.SH,2022/12/30,3.2,3.22,3.19,3.21,11.1049
600323.SH,2022/12/30,18.19,18.6,18.13,18.46,3.29236
600328.SH,2022/12/30,14.82,14.92,14.62,14.69,2.47588
600330.SH,2022/12/30,10.6,10.75,10.45,10.54,3.81991
600331.SH,2022/12/30,2.89,2.91,2.86,2.87,7.2093
600335.SH,2022/12/30,7.9,7.92,7.74,7.76,4.10398
600338.SH,2022/12/30,23.3,23.39,22.71,22.92,1.51711
600340.SH,2022/12/30,2.56,2.57,2.49,2.51,18.7843
600360.SH,2022/12/30,6.62,6.62,6.56,6.59,6.27052
600363.SH,2022/12/30,23.89,24.2,23.68,23.81,2.46338
600366.SH,2022/12/30,10.73,10.89,10.52,10.55,9.15429
600370.SH,2022/12/30,3.02,3.04,3,3.03,5.87571
600389.SH,2022/12/30,43.59,45.36,43.46,44.08,2.70123
600391.SH,2022/12/30,17.65,17.87,17.65,17.77,2.01325
600395.SH,2022/12/30,6.73,6.75,6.67,6.72,4.47873
600400.SH,2022/12/30,4.07,4.19,4.02,4.12,9.98655
600403.SH,2022/12/30,4.61,4.65,4.59,4.61,4.37091
600420.SH,2022/12/30,9.1,9.13,8.97,9.1,7.47322
600422.SH,2022/12/30,14,14.33,13.77,14.12,8.18241
600428.SH,2022/12/30,5.97,6,5.91,5.96,4.93201
600446.SH,2022/12/30,10.15,10.3,10.12,10.29,12.5535
600449.SH,2022/12/30,11.84,11.89,11.74,11.87,3.426
600452.SH,2022/12/30,14.66,15.28,14.56,15.1,5.74878
600456.SH,2022/12/30,41.96,42.16,40.44,40.86,2.17876
600458.SH,2022/12/30,9.12,9.17,8.99,9.02,6.34501
600459.SH,2022/12/30,15.5,15.97,15.41,15.74,5.02142
600477.SH,2022/12/30,4.05,4.06,4.02,4.05,24.5405
600478.SH,2022/12/30,9.38,9.53,9.29,9.38,7.75779
600480.SH,2022/12/30,8.58,8.6,8.42,8.51,2.27232
600483.SH,2022/12/30,10.47,10.65,10.44,10.58,2.0677
600490.SH,2022/12/30,3.01,3.02,2.98,3,11.66
600491.SH,2022/12/30,6.3,6.35,6.21,6.29,8.7469
600496.SH,2022/12/30,3.92,3.96,3.91,3.95,8.18248
600502.SH,2022/12/30,4.79,4.82,4.76,4.8,10.5512
600508.SH,2022/12/30,14.37,14.43,14.26,14.33,2.66583
600510.SH,2022/12/30,6.53,6.61,6.52,6.6,4.72509
600523.SH,2022/12/30,19,19.6,18.9,19.54,1.60439
600531.SH,2022/12/30,5.24,5.25,5.19,5.21,8.00171
600550.SH,2022/12/30,4.63,4.66,4.6,4.65,5.45402
600552.SH,2022/12/30,9.27,9.32,9.18,9.24,6.41413
600557.SH,2022/12/30,19.3,19.3,18,18.75,7.00239
600559.SH,2022/12/30,27.38,27.79,27.06,27.53,5.36116
600562.SH,2022/12/30,16.8,17.02,16.72,16.95,5.32383
600569.SH,2022/12/30,2.08,2.08,2.05,2.07,2.08831
600572.SH,2022/12/30,4.87,4.87,4.71,4.73,11.8773
600575.SH,2022/12/30,2.37,2.41,2.36,2.41,14.1552
600577.SH,2022/12/30,4.26,4.29,4.23,4.24,19.4221
600578.SH,2022/12/30,3.22,3.27,3.19,3.25,4.25354
600581.SH,2022/12/30,3.95,3.96,3.91,3.96,5.01255
600583.SH,2022/12/30,6.1,6.17,6.02,6.06,16.6262
600586.SH,2022/12/30,8.87,8.96,8.6,8.71,10.4842
600587.SH,2022/12/30,21.82,22.04,21.36,21.42,4.29205
600596.SH,2022/12/30,15.07,15.14,15,15.14,9.37345
600602.SH,2022/12/30,8.55,8.77,8.37,8.71,444.537
600604.SH,2022/12/30,4.94,4.96,4.91,4.94,39.0661
600610.SH,2022/12/30,15.76,16.27,15.73,15.87,51.5257
600612.SH,2022/12/30,42.96,43.05,42.08,42.8,102.281
600618.SH,2022/12/30,9.92,9.92,9.8,9.83,18.2883
600621.SH,2022/12/30,10.23,10.38,10.23,10.33,211.847
600633.SH,2022/12/30,7.88,8.46,7.88,8.19,6.00084
600635.SH,2022/12/30,2.94,2.97,2.93,2.96,127.454
600639.SH,2022/12/30,11.02,11.12,10.97,11.1,4.85329
600641.SH,2022/12/30,18.17,18.29,17.71,17.73,18.1399
600643.SH,2022/12/30,5.5,5.54,5.47,5.52,7.57219
600645.SH,2022/12/30,17.2,17.2,16.87,17.01,13.8913
600648.SH,2022/12/30,11.89,11.95,11.87,11.95,5.26306
600649.SH,2022/12/30,3.93,3.99,3.92,3.98,12.5455
600657.SH,2022/12/30,5.21,5.22,5.09,5.14,12.9835
600662.SH,2022/12/30,5.87,5.99,5.86,5.97,48.4898
600675.SH,2022/12/30,3.06,3.09,3.03,3.08,33.3054
600682.SH,2022/12/30,9.2,9.2,9.02,9.13,10.7692
600685.SH,2022/12/30,20.76,20.96,20.67,20.76,1.6166
600688.SH,2022/12/30,3.11,3.13,3.1,3.11,2.81698
600691.SH,2022/12/30,3.14,3.14,3.11,3.14,7.70245
600696.SH,2022/12/30,24.95,25.02,24.35,24.88,2.6015
600710.SH,2022/12/30,5.86,5.89,5.81,5.88,5.00599
600711.SH,2022/12/30,5.91,5.94,5.85,5.89,7.54268
600717.SH,2022/12/30,4.03,4.1,4.01,4.1,24.0675
600720.SH,2022/12/30,9.82,10.11,9.79,9.93,9.6896
600729.SH,2022/12/30,23.01,23.67,23,23.65,3.1814
600740.SH,2022/12/30,5.41,5.42,5.37,5.41,10.6357
600742.SH,2022/12/30,8.34,8.4,8.31,8.36,14.4559
600746.SH,2022/12/30,8.13,8.21,8.12,8.12,6.12004
600750.SH,2022/12/30,14.41,14.65,14.33,14.45,13.6566
600751.SH,2022/12/30,2.29,2.33,2.28,2.33,3.65034
600761.SH,2022/12/30,13.35,13.39,13.11,13.15,10.4732
600770.SH,2022/12/30,6.84,6.98,6.83,6.96,15.5957
600771.SH,2022/12/30,27.85,28.35,27.4,27.82,6.42945
600773.SH,2022/12/30,18.2,18.38,18.08,18.15,4.66144
600775.SH,2022/12/30,10.47,10.48,10.34,10.41,1.08689
600776.SH,2022/12/30,9.19,9.19,9.11,9.16,3.608
600777.SH,2022/12/30,2.16,2.18,2.16,2.18,26.3736
600783.SH,2022/12/30,12.27,12.44,12.21,12.41,4.81169
600787.SH,2022/12/30,4.89,5.02,4.88,4.97,23.3013
600789.SH,2022/12/30,7.2,7.54,7.13,7.26,2.34935
600797.SH,2022/12/30,5.76,5.85,5.7,5.85,9.85704
600810.SH,2022/12/30,7.72,7.83,7.71,7.77,3.27423
600811.SH,2022/12/30,2.39,2.46,2.38,2.44,12.8811
600812.SH,2022/12/30,6.5,6.53,6.37,6.4,3.478
600821.SH,2022/12/30,6.97,7.3,6.97,7.24,3.43523
600835.SH,2022/12/30,11.18,11.26,11.15,11.22,5.01315
600841.SH,2022/12/30,6.09,6.15,6.05,6.07,2.34023
600850.SH,2022/12/30,19.9,20.2,19.77,20.08,6.96902
600864.SH,2022/12/30,4.7,4.73,4.68,4.7,8.13364
600869.SH,2022/12/30,5.05,5.14,4.99,5.05,8.91125
600872.SH,2022/12/30,36.98,37.22,36.3,36.87,8.67933
600874.SH,2022/12/30,6.03,6.09,6.02,6.09,1.29527
600876.SH,2022/12/30,19.8,20.25,19.8,20.04,1.00492
600877.SH,2022/12/30,13.8,13.93,13.6,13.66,3.94274
600882.SH,2022/12/30,31.31,32.17,30.6,31.84,1.80198
600888.SH,2022/12/30,8.27,8.32,8.12,8.19,9.61756
600903.SH,2022/12/30,7.75,7.8,7.72,7.75,1.43093
600908.SH,2022/12/30,5.29,5.3,5.22,5.27,1.18068
600916.SH,2022/12/30,12.67,12.75,12.5,12.64,1.0327
600929.SH,2022/12/30,8.06,8.08,7.94,8.01,1.04896
600933.SH,2022/12/30,18.4,18.84,18,18.21,1.10161
600935.SH,2022/12/30,4.49,4.51,4.45,4.5,1.015
600955.SH,2022/12/30,20.77,20.84,20.71,20.77,1.01167
600963.SH,2022/12/30,5.41,5.48,5.39,5.45,3.53018
600966.SH,2022/12/30,8.77,8.94,8.74,8.89,5.59954
600971.SH,2022/12/30,7.14,7.17,7.11,7.16,8.19749
600977.SH,2022/12/30,13.56,13.71,13.37,13.6,1.08267
600984.SH,2022/12/30,5.4,5.49,5.38,5.46,1.8243
600986.SH,2022/12/30,4.79,5,4.78,4.99,4.57802
600990.SH,2022/12/30,29.79,29.98,29.58,29.8,2.81921
600993.SH,2022/12/30,22.55,22.64,22.31,22.6,9.96553
600996.SH,2022/12/30,15.01,16.12,14.51,14.89,1.05012
600997.SH,2022/12/30,6.69,6.83,6.69,6.78,3.32976
601001.SH,2022/12/30,12.01,12.1,11.94,11.96,2.20535
601011.SH,2022/12/30,3.44,3.47,3.43,3.47,2.63761
601015.SH,2022/12/30,4.52,4.55,4.5,4.54,2.40626
601019.SH,2022/12/30,6.18,6.28,6.18,6.28,1.25363
601022.SH,2022/12/30,13.21,13.52,12.95,13.5,1
601028.SH,2022/12/30,12.27,12.31,11.37,11.48,2.39361
601068.SH,2022/12/30,4.69,4.76,4.69,4.71,1.00463
601069.SH,2022/12/30,12.02,12.02,11.74,11.89,1.01267
601099.SH,2022/12/30,2.56,2.58,2.55,2.57,2.85152
601101.SH,2022/12/30,6.2,6.22,6.15,6.18,4.08079
601126.SH,2022/12/30,14.5,14.88,14.41,14.6,2.79822
601137.SH,2022/12/30,14.96,15.07,14.72,14.81,2.25145
601200.SH,2022/12/30,8.79,8.99,8.79,8.93,1.34377
601208.SH,2022/12/30,11.5,11.65,11.34,11.43,2.97314
601212.SH,2022/12/30,2.6,2.6,2.58,2.6,1.00369
601222.SH,2022/12/30,8.6,8.72,8.49,8.59,5.01185
601279.SH,2022/12/30,5,5.07,5,5.02,1.00153
601311.SH,2022/12/30,8.15,8.21,8.15,8.16,3
601330.SH,2022/12/30,6.68,6.82,6.65,6.77,1.05377
601369.SH,2022/12/30,11.15,11.55,11.12,11.46,2.18093
601375.SH,2022/12/30,3.62,3.64,3.61,3.64,1.04651
601399.SH,2022/12/30,3.01,3.03,3,3.02,1
601515.SH,2022/12/30,4.31,4.32,4.29,4.3,4.28902
601519.SH,2022/12/30,5.68,5.76,5.67,5.75,2.91087
601528.SH,2022/12/30,6.29,6.34,6.25,6.31,1.0223
601567.SH,2022/12/30,13.6,13.64,13.39,13.48,5.291
601606.SH,2022/12/30,10.35,10.42,10.33,10.4,1.01419
601609.SH,2022/12/30,6.75,6.84,6.75,6.76,1.03462
601619.SH,2022/12/30,3.75,3.79,3.74,3.77,1.06403
601677.SH,2022/12/30,18.01,18.45,18.01,18.14,1.56496
601678.SH,2022/12/30,5.15,5.16,5.12,5.14,4.32494
601700.SH,2022/12/30,5.12,5.13,5.09,5.11,6.22888
601702.SH,2022/12/30,14.92,15.16,14.8,14.95,1.01287
601777.SH,2022/12/30,3.84,3.92,3.84,3.86,1.17459
601801.SH,2022/12/30,5.08,5.24,5.07,5.21,2.50839
601860.SH,2022/12/30,2.57,2.6,2.57,2.59,1.10367
601882.SH,2022/12/30,26.74,26.75,26.03,26.2,1.05872
601886.SH,2022/12/30,7.81,7.89,7.7,7.74,2.55953
601890.SH,2022/12/30,8.77,8.95,8.77,8.83,2.83921
601908.SH,2022/12/30,6.51,6.62,6.51,6.57,4.33221
601918.SH,2022/12/30,4.17,4.19,4.15,4.19,1.55745
601921.SH,2022/12/30,7.3,7.42,7.26,7.4,1.04119
601929.SH,2022/12/30,1.89,1.95,1.88,1.94,2.18464
601949.SH,2022/12/30,4.89,5,4.86,4.99,1.11216
601952.SH,2022/12/30,11.81,11.85,11.73,11.84,1.43907
601963.SH,2022/12/30,6.74,6.81,6.73,6.78,1.09012
601965.SH,2022/12/30,18.96,19.49,18.85,19.38,1.79558
601975.SH,2022/12/30,3.89,4.03,3.85,3.94,1
603005.SH,2022/12/30,18.7,18.88,18.43,18.55,2.77758
603008.SH,2022/12/30,28.95,28.98,27.92,28.55,1.60406
603010.SH,2022/12/30,11.97,12.04,11.74,11.83,4.66151
603013.SH,2022/12/30,14.46,14.46,14.16,14.33,1.16403
603018.SH,2022/12/30,7.55,7.6,7.52,7.58,7.19652
603025.SH,2022/12/30,18.8,19.07,18.51,19,2.34238
603027.SH,2022/12/30,20.97,21.03,20.19,20.78,5.84522
603032.SH,2022/12/30,85.81,88.4,83.8,87.76,1.21023
603033.SH,2022/12/30,17.51,17.51,17.08,17.26,5.18003
603043.SH,2022/12/30,25.52,26.04,25,25.82,1.49436
603053.SH,2022/12/30,9.12,9.19,9.11,9.15,1.07357
603055.SH,2022/12/30,10.5,10.5,9.86,10.1,1.49416
603057.SH,2022/12/30,31.77,31.88,30.91,31.47,1
603060.SH,2022/12/30,12.64,12.9,12.46,12.9,3.46131
603063.SH,2022/12/30,27.5,29,26.93,27.88,1.02076
603071.SH,2022/12/30,16.16,16.26,16.13,16.18,1.033
603093.SH,2022/12/30,9.05,9.14,9.04,9.11,1.00642
603098.SH,2022/12/30,27.55,28.5,27.55,28.22,1.26325
603100.SH,2022/12/30,31.14,31.6,30.63,31.29,1.15151
603103.SH,2022/12/30,14.35,14.9,14.34,14.74,1.43879
603105.SH,2022/12/30,13.95,14.97,13.94,14.73,1.02193
603108.SH,2022/12/30,10.19,10.25,10.05,10.11,5.55464
603113.SH,2022/12/30,9.18,9.18,9.05,9.07,1.09949
603118.SH,2022/12/30,7.94,8.05,7.89,7.95,2.48097
603123.SH,2022/12/30,13.85,14.47,13.5,14.19,1.17175
603128.SH,2022/12/30,10.69,10.77,10.53,10.74,2.90897
603129.SH,2022/12/30,113.29,114.26,111.7,112.52,1.04793
603132.SH,2022/12/30,12.05,12.05,11.93,11.97,1.04105
603169.SH,2022/12/30,6.33,6.37,6.31,6.34,1.62744
603170.SH,2022/12/30,27.98,28.68,26.92,28.33,1
603171.SH,2022/12/30,35.4,36.75,34.76,36.4,1.01071
603179.SH,2022/12/30,38.69,39.35,38.08,38.49,2.55711
603187.SH,2022/12/30,31.77,31.8,31.18,31.72,2.8821
603197.SH,2022/12/30,46.05,47.41,45.6,47.3,1.4935
603208.SH,2022/12/30,61.09,61.85,59,61.4,1.83554
603212.SH,2022/12/30,32.03,32.5,31.09,31.7,1.00862
603229.SH,2022/12/30,24.2,24.34,23.58,23.8,2.38191
603235.SH,2022/12/30,29.2,29.23,29.04,29.12,1
603236.SH,2022/12/30,103,103.6,100.01,100.82,2.04581
603279.SH,2022/12/30,29.5,29.61,29.31,29.48,1.55406
603297.SH,2022/12/30,86.24,87.5,82.64,83.01,1.35498
603298.SH,2022/12/30,16.99,17.13,16.66,16.81,1.59848
603299.SH,2022/12/30,10.02,10.04,9.91,9.97,1.06115
603300.SH,2022/12/30,6.28,6.4,6.21,6.34,3.98107
603301.SH,2022/12/30,38.79,38.79,37.89,38.05,2.14017
603305.SH,2022/12/30,32.6,33.4,32.06,32.24,1.44141
603306.SH,2022/12/30,37.58,37.71,37,37.41,2.21626
603308.SH,2022/12/30,20.45,21.3,20.28,21.3,1.45215
603323.SH,2022/12/30,4.7,4.72,4.65,4.69,1.64079
603328.SH,2022/12/30,6.54,6.54,6.46,6.49,2.83188
603345.SH,2022/12/30,162.8,165,159.59,161.88,1.03769
603348.SH,2022/12/30,59.5,62,57.07,57.57,1.03131
603363.SH,2022/12/30,12.65,12.93,12.47,12.89,1.32937
603368.SH,2022/12/30,19.29,19.29,18.59,18.67,2.90868
603387.SH,2022/12/30,12.7,12.74,12.47,12.5,4.06798
603393.SH,2022/12/30,22.1,22.11,21.75,21.77,2.70398
603396.SH,2022/12/30,83.44,84.98,82.21,83.24,1.45211
603416.SH,2022/12/30,46,46.27,44.22,45.32,1.44393
603429.SH,2022/12/30,10.82,10.92,10.75,10.88,7.33967
603439.SH,2022/12/30,14.1,14.15,13.63,13.72,1.01647
603466.SH,2022/12/30,12.33,13.53,12.33,13.53,4.37057
603477.SH,2022/12/30,23.99,24.67,23.83,24.39,1.02871
603489.SH,2022/12/30,105.04,112.5,105.04,106.99,1.02707
603505.SH,2022/12/30,40.36,40.5,39.3,39.62,1.89549
603520.SH,2022/12/30,20.05,20.05,19.33,19.57,2.94527
603530.SH,2022/12/30,15.11,15.5,14.68,15.01,1.02468
603533.SH,2022/12/30,14,14.5,14,14.49,1.01876
603565.SH,2022/12/30,14.5,14.63,14.31,14.54,2.22772
603566.SH,2022/12/30,27.39,27.7,27.01,27.36,2.17561
603567.SH,2022/12/30,12.26,13.07,12.25,12.75,2.15281
603583.SH,2022/12/30,25.43,25.85,25.43,25.56,2.95105
603588.SH,2022/12/30,9.83,9.91,9.71,9.84,6.40825
603595.SH,2022/12/30,59.6,61.37,59.4,60.13,1.97137
603599.SH,2022/12/30,29.98,29.98,29.27,29.4,3.03296
603601.SH,2022/12/30,5.19,5.32,5.17,5.28,13.3553
603609.SH,2022/12/30,11.76,11.89,11.63,11.84,1.62451
603612.SH,2022/12/30,25.79,26.56,25.71,26.02,1.5005
603636.SH,2022/12/30,13.5,13.86,13.42,13.74,4.84096
603666.SH,2022/12/30,32.63,32.63,31.74,31.79,2.79668
603678.SH,2022/12/30,40.9,41.98,40.6,40.94,2.6138
603690.SH,2022/12/30,39.2,39.5,37.58,37.84,1.01449
603693.SH,2022/12/30,12.55,12.97,12.48,12.93,1.37851
603713.SH,2022/12/30,114.44,117.17,113.22,116.66,1.01104
603718.SH,2022/12/30,10,10.03,9.8,9.82,2.32244
603719.SH,2022/12/30,36.25,37.21,36.2,36.87,1.01792
603728.SH,2022/12/30,33,33.8,32.35,33.33,1.32151
603730.SH,2022/12/30,15.58,16.14,15.58,16.08,2.62722
603733.SH,2022/12/30,30.36,30.94,30.09,30.47,1.07816
603766.SH,2022/12/30,4.84,4.89,4.84,4.86,3.10632
603801.SH,2022/12/30,26.99,27.24,26.5,26.88,2.16534
603871.SH,2022/12/30,21.92,22.8,21.79,22.6,5.5895
603876.SH,2022/12/30,42.4,42.41,40.87,41.04,1.01946
603877.SH,2022/12/30,18.25,18.52,18.22,18.39,1.20926
603881.SH,2022/12/30,23.62,24.09,23.43,23.53,1.41418
603888.SH,2022/12/30,16.99,17.48,16.92,17.38,2.6722
603896.SH,2022/12/30,38.11,39.8,38.11,39.66,1.34565
603906.SH,2022/12/30,23.38,23.47,23.11,23.15,2.09917
603915.SH,2022/12/30,20.31,21.02,19.95,20.84,1.44803
603916.SH,2022/12/30,16.06,16.17,15.85,16.08,1.28711
603919.SH,2022/12/30,26.7,27.09,26.26,26.75,1.8039
603920.SH,2022/12/30,14.59,14.63,14.19,14.38,1.52682
603936.SH,2022/12/30,12.33,12.55,12.16,12.22,2.0017
603938.SH,2022/12/30,34.9,35.26,34.44,34.5,1.87104
603959.SH,2022/12/30,10.64,10.68,10.51,10.57,1.98365
603979.SH,2022/12/30,25.55,26.09,25.33,25.61,1.62311
603983.SH,2022/12/30,33.56,34.17,33.31,33.74,1.01956
603985.SH,2022/12/30,24.19,24.98,24.08,24.7,4.62873
603989.SH,2022/12/30,25.55,25.75,25.42,25.68,2.25406
603995.SH,2022/12/30,28.13,28.68,27.14,27.83,1.54872
603997.SH,2022/12/30,14.91,15.43,14.83,15.28,1.70293
605007.SH,2022/12/30,18.42,19.05,18.27,18.85,1.03167
605008.SH,2022/12/30,16.6,16.6,16.13,16.31,1.41349
605009.SH,2022/12/30,50.53,51.97,50.3,51.87,1.54257
605020.SH,2022/12/30,38.82,40.3,38.82,39.28,1.0109
605090.SH,2022/12/30,20.7,20.82,20.55,20.65,1.42106
605111.SH,2022/12/30,79.02,79.33,77.33,77.58,1.97453
605123.SH,2022/12/30,134.86,135.43,132.75,132.9,1.0099
605168.SH,2022/12/30,85.52,89.6,85.01,88.97,1.53049
605199.SH,2022/12/30,16.36,16.4,15.93,16.02,1.00532
605222.SH,2022/12/30,26.27,27.57,26.13,27.24,1.01856
605296.SH,2022/12/30,24.68,25.05,24.61,25.03,1.31851
605333.SH,2022/12/30,21.21,21.79,21.2,21.32,1.00422
605338.SH,2022/12/30,30.96,31.98,30.4,31.73,1.01343
605365.SH,2022/12/30,16.23,16.34,15.99,16.08,1.0082
605369.SH,2022/12/30,105.1,108,104.06,105.61,1.4493
605376.SH,2022/12/30,47.2,47.2,45.75,46.43,1.0085
605388.SH,2022/12/30,14.95,15.14,14.7,15.04,1.02676
605507.SH,2022/12/30,26.49,26.53,25.9,26.47,1.02646
605589.SH,2022/12/30,21.7,21.87,20.98,21.39,1.01676
688001.SH,2022/12/30,27.19,27.44,26.8,26.9,1.01395
688007.SH,2022/12/30,25.58,25.67,24.68,24.86,1.0081
688016.SH,2022/12/30,194.1,194.98,187.68,189.04,1.01598
688017.SH,2022/12/30,97.98,99.88,95.93,96.78,1.40817
688018.SH,2022/12/30,91.37,91.39,89.1,90.15,1.02499
688019.SH,2022/12/30,184.12,187.74,179.27,180,1.40457
688023.SH,2022/12/30,197.04,203.78,195.68,198,1.00213
688027.SH,2022/12/30,102.99,104.88,101.5,101.85,1.00059
688033.SH,2022/12/30,21.56,22.18,21.4,21.77,1.00921
688037.SH,2022/12/30,159.22,160.88,155.11,156.5,1.00599
688046.SH,2022/12/30,24.31,24.72,24.01,24.05,1
688048.SH,2022/12/30,97.58,97.58,95.03,96.75,1.00457
688050.SH,2022/12/30,232.79,232.99,228.5,230.7,1.00264
688066.SH,2022/12/30,85.17,86.99,84.41,85.5,1.00405
688083.SH,2022/12/30,187.84,198.55,186.33,194.58,1.40624
688085.SH,2022/12/30,25.99,27.78,25.92,27.75,1.11455
688088.SH,2022/12/30,22.5,22.72,22.4,22.51,1.01454
688091.SH,2022/12/30,72,72.98,69.55,69.8,1.35997
688100.SH,2022/12/30,22.98,23.24,22.5,23.09,1.02742
688106.SH,2022/12/30,19.23,19.38,18.75,18.76,1.02433
688110.SH,2022/12/30,26.45,26.49,25.8,26.17,1.00494
688123.SH,2022/12/30,101.75,102,99.42,101.2,1.01504
688127.SH,2022/12/30,15.96,16.3,15.86,15.93,1.0124
688128.SH,2022/12/30,17.13,17.29,17.06,17.08,1.04816
688131.SH,2022/12/30,108.8,108.8,106.23,108.38,1.40435
688133.SH,2022/12/30,139.58,140.77,137.11,138.47,1.00318
688139.SH,2022/12/30,63.8,64.61,62.59,63.3,1.01522
688148.SH,2022/12/30,14.73,15.08,14.51,14.59,1.00463
688153.SH,2022/12/30,38.28,38.31,36.62,36.73,1
688158.SH,2022/12/30,12.42,13.04,12.42,12.51,1.00079
688161.SH,2022/12/30,52,53.77,51.71,52.19,1.01161
688166.SH,2022/12/30,22.43,22.88,22,22.57,1.00922
688167.SH,2022/12/30,95.66,97.31,93,93.33,1
688173.SH,2022/12/30,22.99,23.19,22.67,22.73,1
688190.SH,2022/12/30,86,90.67,86,87.88,1.00463
688198.SH,2022/12/30,134.66,134.93,128.59,129,1.40795
688202.SH,2022/12/30,213.62,216.19,212.06,213.89,1.40713
688206.SH,2022/12/30,29,29.15,28.01,28.12,1.00063
688209.SH,2022/12/30,18.79,19,18.51,18.61,1.00167
688232.SH,2022/12/30,57.03,58.4,55.89,57.06,1.01401
688233.SH,2022/12/30,41.6,41.62,40.7,40.8,1.01305
688235.SH,2022/12/30,136.05,136.05,132.32,132.45,1
688238.SH,2022/12/30,19.9,20.18,18.95,19.06,1
688239.SH,2022/12/30,75,79.19,75,77.69,1.00358
688261.SH,2022/12/30,242.74,244.8,234,237,1.00139
688262.SH,2022/12/30,42.64,43.1,41.8,41.81,1.00537
688266.SH,2022/12/30,41.95,42.38,41.33,41.7,1
688268.SH,2022/12/30,76.42,76.42,73.77,74.25,1.01306
688270.SH,2022/12/30,117.66,118.96,115.31,115.97,1.00512
688277.SH,2022/12/30,11.85,12.05,11.8,11.89,1
688278.SH,2022/12/30,39.14,39.29,38.31,38.93,1.00604
688298.SH,2022/12/30,78.97,79.15,77.05,77.11,1.4806
688315.SH,2022/12/30,26.31,26.6,25.78,26.39,1.00203
688318.SH,2022/12/30,87.5,90.3,87.5,89.15,1.42596
688321.SH,2022/12/30,22.11,22.27,21.92,21.98,1
688326.SH,2022/12/30,150.71,151.56,147,149.3,1
688330.SH,2022/12/30,63.4,64.28,63.35,63.68,1.02784
688331.SH,2022/12/30,77.51,77.8,75.22,77.49,1
688333.SH,2022/12/30,141.71,143.81,140.93,142.75,1.40305
688337.SH,2022/12/30,95.61,99.9,94.14,97.69,1
688339.SH,2022/12/30,75.1,76.48,73.9,74,1.39996
688356.SH,2022/12/30,159.98,160.16,155,156.55,1.00742
688366.SH,2022/12/30,99.18,100.8,97,97.54,1.0166
688368.SH,2022/12/30,115,118,110.36,111.7,1.0347
688383.SH,2022/12/30,99.48,99.48,94.5,94.88,1.00508
688388.SH,2022/12/30,45.01,46.1,44.76,44.85,1.02256
688389.SH,2022/12/30,17.87,18.09,17.55,17.83,1.02384
688399.SH,2022/12/30,88.7,89,87.45,87.71,1.12481
688408.SH,2022/12/30,96.9,100.79,95.6,98.4,1.00372
688425.SH,2022/12/30,3.92,3.95,3.92,3.95,1.02365
688499.SH,2022/12/30,161,162.5,156.82,157.38,1.00265
688508.SH,2022/12/30,66.93,67.26,64.33,64.81,1.01364
688518.SH,2022/12/30,29.12,29.92,28.8,29.21,1.00981
688526.SH,2022/12/30,22.24,22.59,22,22.4,1.01669
688556.SH,2022/12/30,76.6,77.2,74,75.02,1.41042
688559.SH,2022/12/30,58.76,59.3,57.36,57.84,1
688568.SH,2022/12/30,61.31,62.49,61.3,62.04,1.00649
688575.SH,2022/12/30,20.09,20.1,19.6,19.65,1.41893
688578.SH,2022/12/30,19.89,19.95,19.51,19.68,1
688586.SH,2022/12/30,16.09,16.32,16.06,16.3,1.42266
688598.SH,2022/12/30,219.9,226.6,217.65,219.48,1.00497
688608.SH,2022/12/30,115.08,116.39,111.56,114,1.00336
688617.SH,2022/12/30,311,311,304.7,306.93,1.00706
688639.SH,2022/12/30,153.97,156.9,150.61,155.25,1.01162
688660.SH,2022/12/30,6.06,6.07,5.99,6.01,1.01208
688676.SH,2022/12/30,35.25,37.37,34.96,36.18,1.02401
688680.SH,2022/12/30,185.92,190.16,184.28,185.3,1.00478
688686.SH,2022/12/30,134.96,135.04,131.28,132,1.49365
688696.SH,2022/12/30,168.8,170.88,165.5,166.2,1.41381
688699.SH,2022/12/30,46.99,47.55,45.65,45.89,1.52299
688700.SH,2022/12/30,142.84,144.8,138.94,143.15,1.01005
688707.SH,2022/12/30,46.75,46.88,44.91,44.95,1.00481
688711.SH,2022/12/30,94.87,94.87,91.3,92.8,1.40232
688733.SH,2022/12/30,39.02,39.2,37.61,37.67,1.00321
688739.SH,2022/12/30,30.83,30.92,30.4,30.42,1.02035
688776.SH,2022/12/30,175.32,177.9,172.58,175.08,1.00388
688789.SH,2022/12/30,164.43,173.77,161.22,172.63,1.00462
688798.SH,2022/12/30,98,98,93.51,95.53,1.0054
688800.SH,2022/12/30,114.18,114.58,105.5,106.68,1.00293
